Name,Phone Number,Description,Website
,,,No
City Plumbing,(559) 408-9019,"Bad reviews, lead , website",No
Drain Brothers Plumbing,661) 627-7069,"not enough reviews,website",No
Pride Plumbing Services,(213) 652-2021,"Bad reviews, lead , website",No
"Northstar Plumbing, Heating, and Air Conditioning",(909) 667-5240,"Bad reviews, not enough reviews ",No
All American Flood Restoration,(909) 667-5240,"bad reviews,not enough reviews ",No
"Kurt Bohmer's Plumbing & Drain Service
",,"not enough reviews,website",no
Happy Flushin Plumbing,"(818) 568-7152

","not enough reviews,website",no
Jetter Pro 1,(213) 531-6825,"no reviews,website ",no
Family Plumbing Heating & Air,(951) 677-5445,"no enough reviews,website",no
Plumbing Method,(844) 250-4468,"not enough reviews,website",no
Melody Plumbing,(909) 770-7309,"not enough reviews,website",no
Barney's Plumbing,(626) 325-0021,"not enough reviews,website",no
Plumber Duck,(661) 435-4700,"not enough reviews,website",no
Happy Sam's Plumbing,(626) 201-6969,"not enough reviews,website",no
Kuttruff Plumbing,(626) 643-1785,"not enough reviews,website",no
Henley's Plumbing & Air,(951) 220-6840,"not enough reviews,website",no
"Northstar Plumbing, Heating, and Air Conditioning",(909) 667-5240,"not enough reviews,website",no
All American Flood Restoration,855 228 2341 ,"not enough reviews,website , no booking and service website ",no
Hilman's Plumbing,(909) 698-9001,"not enough reviews,website",no
"Northstar Plumbing, Heating and AC
",(877) 546-8606,"not enough reviews,website",no
"The Rooter Company
",(714) 888-7393,"not enough reviews,website",no
Rooter Man Plumbing,"(949) 409-9555

","not enough reviews,website",no
Happy Flushin Plumbing,(818) 568-7152,"not enough reviews,website",no
Modern Pipe Solutions,(760) 670-2799,"not enough reviews,website",no
Chino Valley Plumbing,(909) 597-3114,"not enough reviews,website",no
All American Repipe & Plumbing,(833) 833-6413,"not enough reviews,website",no
Just Rooter and Plumbing,"(626) 861-8709

","not enough reviews,website",no
Kurt Bohmer's Plumbing & Drain Service,(661) 449-1117,"not enough reviews,website",no
"Owen Plumbing","(714) 998-1464

","not enough reviews,website",no
Drainflow Solutions & Plumbing,(626) 394-3852,"not enough reviews,website",no
JetLine Plumbing,(562) 386-5463,"not enough reviews,website",no
"All Handyman Service",(909) 334-4924,"not enough reviews,website",no
Drain Buster Rooter and Plumbing,(626) 335-5801,"not enough reviews,website",
,,,no
"Father & Son Plumbing & Sewer Solutions
","(818) 483-9807

","not enough reviews,website",no
911 Plumbing Services,(800) 816-0887,"not enough reviews,website",no
"Chino Valley Plumbing","(909) 597-3114

","not enough reviews,website",https://rooterandplumbingla.com/
Just Rooter and Plumbing,"(626) 861-8709

","not enough reviews,website",https://www.kurtbohmerplumbing.com/
Just Rooter and Plumbing,(661) 449-1117,"not enough reviews,website",https://www.papatheplumber.com/
Papa's Plumbing,(626) 231-0210,"not enough reviews,website",https://jbplumbingandrooter.com/
JB Plumbing & Rooter,(323) 826-7507,"not enough reviews,website",https://redheadrooter.com/
RedHead Rooter,(909) 767-9652,"not enough reviews,website",no
Honorable Rooter & Plumbing,(909) 374-8543,"not enough reviews,website",no
RK Knight Plumbing,"(562) 689-6643

","not enough reviews,website",https://piersideplumbing.com/
Pierside Plumbing,(714) 475-0321,"not enough reviews,website",https://exactrooter.com/
"Exact Rooter & Plumbing","(909) 557-6391

","not enough reviews,website",jeffshafferplumbing.com
Shaffer Plumbing,(949) 361-2688,"not enough reviews,website",
Date: 3-7-24,,,
Niche: Solar Panel Cleaning,State:  California,,Website
Business Name,Phone Number,Remarks,https://www.sierraseamlessgutters.net/
Sierra Seamless Gutters,(209) 732-089,"Leads gen, ugly site, social media marketing ",https://www.planetsolar.com/
Planet Solar,(760) 820-4958,"Leads gen, ugly site, social media marketing ",cribcrewps.com
Cribcrew Property Solutions,(559) 360-3281,"No reviews, lead gen, social media",dandswindowcleaning.com
D&S Window Cleaning,(424) 566-5257,"No appointment or consultation service, lead gen",https://hpchernandezprofessioncleaning.godaddysites.com/
HPC Hernandez Professional Cleaning,(559) 864-0588,"No reviews, lead gen, social media",mrcool4ac.com
Donald P Dick Air Conditioning,(559) 470-0376,"lead gen, social media marketing",aaaroofingcontractors.com
AAA Roofing,(559) 860-0623,"No reviews, lead gen, social media",primetimesolar.pro
Primetime Services,(559) 999-0300,"lead gen, social media marketing",superiorsolarcleaners.com
Superior Solar Cleaners,(559) 731-5726,"No reviews ,lead gen, social media marketing",solarmaintenancepros.com
Solar Maintenance Pros,(559) 552-8181,"lead gen, social media marketing",prosolarpanelcleaning.com
Prosol Solar Panel Cleaning & Pigeon Control,(209) 247-5763,"lead gen, social media marketing",globalsolarpc.com
Global Solar Panel Cleaning,(209) 812-0741,"lead gen, social media marketing",No site
Mr. Squeegee Window & Solar Panel Cleaning,(209) 551-5756,"No reviews, lead gen, social media",cmgsolarpanelcleaning.com
CMG Solar Panel Cleaning,(559) 304-9426,"No reviews, lead gen, social media",No site
Sierra Solar Cleaning & Pressure Washing,(209) 617-7000,"No reviews, lead gen, social media",sologicsolar.com
Sologic Solar,(831) 265-8124,"No reviews, lead gen, social media",No site
Dust And Shine Solar Cleaning,(559) 644-8225,"No reviews ,lead gen, social media marketing",No site
Marz Solar Panel Cleaning,(661) 401-0096,"No reviews, lead gen, social media",https://www.valleyunique.com/vue-solar
VUE Solar Cleaning,(559) 360-1997,,AC repair and service
05/07/24,texas,,https://www.yelp.com/biz_redir?url=https%3A%2F%2Fspearsairconditioning.com&cachebuster=1720193440&website_link_type=website&src_bizid=q36ca7KuD6NfIsTP2jxrKA&s=e48dfcfcbdffe65e069d2f078a09a3ab8d056372b1f5f3ff7ae6d3b7ce322909
spear ac and heating service,(832) 420-2665,"No reviews, lead gen, social media",https://www.yelp.com/biz_redir?url=http%3A%2F%2Fwww.airsystemstexas.com&cachebuster=1720193648&website_link_type=website&src_bizid=dlItBW6qYPkyPXX68D2bwA&s=e9d735bc77c33fda7b0a346ac4beb5983d2fa9fed293eaaa91518f901e330f01
air system texas,(281) 842-1125,"No reviews, lead gen, social media",https://www.yelp.com/biz_redir?url=http%3A%2F%2Fhtownacrepair.com&cachebuster=1720193712&website_link_type=website&src_bizid=Je_44JBivfVJZscpDcsHJg&s=8d7482c49cff189bb747bc9b9a9432272959d563bf3927893728ebc0c29e7964
H-Town AC repair Air Conditioning & Heating Service Houston,(832) 404-2062,"lead gen, social media marketing",https://www.yelp.com/biz_redir?url=https%3A%2F%2Fwww.southcoast-ac.com%2Fservice-area%2Ffriendswood-tx-air-conditioning-heating%2F&cachebuster=1720193816&website_link_type=website&src_bizid=we5y7wEIK2x7-9VuTGn9xA&s=0c5ef75d7e89cbb0c1bf14506fe846e85e86689a07b801ed05e00c9529523f61
southcoast heat & air ,(346) 394-8230,"No reviews, lead gen, social media",https://www.yelp.com/biz_redir?url=https%3A%2F%2Flmhservicestx.com&cachebuster=1720193884&website_link_type=website&src_bizid=GExw5H-RqHq0Uk2n7V83qg&s=2de4c32ada24c6b1204d1cdd2d02e843a1cca3b82a25b17b4a6a52ac83bf864c
LHM services,(832) 800-4564,"No reviews, lead gen, social media",NO WEBSITE
burt's air conditioning & heating services,(409) 945-4900,"No reviews, lead gen, social media, website",NO WEBSITE
kd mechanical,(409) 995-0210,"No reviews, lead gen, social media, website",https://www.yelp.com/biz_redir?url=https%3A%2F%2Fwww.godailey.com&cachebuster=1720194042&website_link_type=website&src_bizid=4eQYkQxCXjONEhfW4TmNoQ&s=2ffcd851e9e5a5837b9bf7284262519ad1f52b2076f275c8f1ca6347ac00efdd
dailey,(713) 496-0877,"No reviews, lead gen, social media",https://www.yelp.com/biz_redir?url=https%3A%2F%2Fwww.airconditioningtexascitytx.com&cachebuster=1720194090&website_link_type=website&src_bizid=78pIqHTctroZy9qkgG2-XA&s=3738df35c926fc64c75fc3937e74acb4154e513085163054834ca765b4712607
lrt air conditioning & heating,(409) 256-6008,"No reviews, lead gen, social media",https://www.yelp.com/biz_redir?url=http%3A%2F%2Ffusehtx.com&cachebuster=1720194198&website_link_type=website&src_bizid=3i06NqY9mvjC-oUKxPZsVQ&s=ec5fac0c36a509717be6f19fc2d9dd316f332ce55a752fcdced897e0c6d1ac6a
fuse hvac & appliance repair,(936) 284-4842,"No reviews, lead gen, social media",NO WEBSITE
KASPAR AIR AND HEAT,(979) 319-8821,"No reviews, lead gen, social media, website",NO WEBSITE
MSE AC & HEAT,(832) 594-2680,"No reviews, lead gen, social media, website",https://www.yelp.com/biz_redir?url=https%3A%2F%2Fbraswellsacandheat.com&cachebuster=1720194431&website_link_type=website&src_bizid=0O5KKowmIDizut-7SaUIqQ&s=d92fb978f247e8ce7a030e52e7a0de1a5c499695e5e50059b1a4e5cbfcfdd0f1
BRASWELL'S AIR CONDITIONING AND HEATING SERVICES,(832) 425-8265,"No reviews, lead gen, social media",https://www.yelp.com/biz_redir?url=https%3A%2F%2Fwww.texas-eagle.com&cachebuster=1720194527&website_link_type=website&src_bizid=Cn6gPNLyW64RMmbCqFKNIQ&s=3626ce966b639fc5f3d6c445e7c1a8404da21afd405e00bdb3eb8030e2c428e1
TEXAS EAGLE AC AND HEATING SERVICES,(713) 497-1145,"No reviews, lead gen, social media",NO WEBSITE
TEXAN APPLIANCE REPAIR,(346) 448-5978,"No reviews, lead gen, social media, website",NO WEBSITE
LEAGUE CITY AC,(346) 577-8228,"No reviews, lead gen, social media, website",NO WEBSITE
AAA SERVICES,(409) 939-2309,"No reviews, lead gen, social media, website",https://www.yelp.com/biz_redir?url=https%3A%2F%2Fwww.32belowinc.com&cachebuster=1720194821&website_link_type=website&src_bizid=9-15Lwye3MI_ozmNTp8EIg&s=4cd05b58fcff8b56f49bb4ae870c28413c16dcf3061d8f42fad394ff1558c6a0
32 BELOW,(832) 888-3428,"No reviews, lead gen, social media",https://www.yelp.com/biz_redir?url=https%3A%2F%2Fggahvac.com&cachebuster=1720194875&website_link_type=website&src_bizid=bGJbZqncJqkNQef5fj3iNQ&s=43f2b83fddf50219d99db3c47d49060cd1575a848341181c17c72b96c1113cb3
GGA HVC SERVICES,(346) 553-6112,"No reviews, lead gen, social media",https://www.yelp.com/biz_redir?url=http%3A%2F%2Fwww.powerprotx.com&cachebuster=1720194922&website_link_type=website&src_bizid=qyxg1gw186JyfynrGjW69g&s=11337e4161f7cc7cea829663550947678290d0a694f35ae5735ff008bdd4c710
POWERPRO HVAC AND ELECTRIC ,(832) 225-6828,"No reviews, lead gen, social media",https://www.yelp.com/biz_redir?url=http%3A%2F%2Fwww.gilbertsac.com&cachebuster=1720194977&website_link_type=website&src_bizid=f2GgilsZJdhXLes4rzM2GQ&s=884627904d6ece94e025e1e6facd5520b62a0629970d04b4596c92691cc97ac8
GILBERT'S AIR SPECAILIST,(713) 512-5030,"No reviews, lead gen, social media",https://www.yelp.com/biz_redir?url=https%3A%2F%2Fmoralesacandheating.com&cachebuster=1720195043&website_link_type=website&src_bizid=l_DdCUe2utGXW1JdFGqrmQ&s=c0dc6a923986fbbfa42e360b287506676a14c4b1e2f5ad21880104c7af46cf51
MORALES AC & HEATING ,(346) 692-9661,"No reviews, lead gen, social media",https://www.yelp.com/biz_redir?url=http%3A%2F%2Fwww.covingtoncomfort.com%2F&cachebuster=1720195103&website_link_type=website&src_bizid=shcNH0Xo7TDY4QJEJ_Jjpw&s=7e1a01160142644e58202ccce62fc819a00b9fc06b7536aaa78ed114b6b5d027
COVINGTON COMFORT,(979) 266-0216,"No reviews, lead gen, social media",https://www.yelp.com/biz_redir?url=https%3A%2F%2Fwww.valderramainc.com&cachebuster=1720195166&website_link_type=website&src_bizid=78bN8ApX3hXJab3GbtuXKg&s=76580833776a5f360438e52dfe635407e0490ffacc0a76335138a150bfd92df7
VALDERRAMA AC AND REFRIGERATION,(832) 650-0547,"No reviews, lead gen, social media",https://www.yelp.com/biz_redir?url=https%3A%2F%2Fkneelandacandelectrical.com&cachebuster=1720195243&website_link_type=website&src_bizid=MkB1eKzlR230pK-GJhk_tA&s=aa783cfc99e8f77f864546b95f357c2e67e23a3966688e6aa6af67461cb03459
KNEELAND AIR/HEAT & ELECTRICAL,(281) 519-7158,"No reviews, lead gen, social media",https://www.yelp.com/biz_redir?url=http%3A%2F%2Fwww.bobsacandheat.com&cachebuster=1720195314&website_link_type=website&src_bizid=LCk0BnKh121Unt3HgIfLMQ&s=1e6480d535ccfbea8f7d1f41c0fdd4825160b0017690d219e459e03486c950e0
BOB'S AIR CONDITIONING AND HEATING,(281) 749-1677,"No reviews, lead gen, social media",NO WEBSITE
Platinum Air Solutions,(346) 413-6603,"No reviews, lead gen, social media, website",https://www.yelp.com/biz_redir?url=https%3A%2F%2Fwww.airenergyac.com&cachebuster=1720195491&website_link_type=website&src_bizid=OA3Kf9bbMW9JuPQRawjJhQ&s=eeb7489c4192a4292f37d9ef9a3ab1340f9fb1d9d6c0efa8d173d817fb9ee8d6
Air Energy Air Conditioning and Heating,(713) 777-9000,"No reviews, lead gen, social media",NO WEBSITE
EFFICIENT POLAR AIR,(713) 539-0139,"No reviews, lead gen, social media, website",https://www.yelp.com/biz_redir?url=https%3A%2F%2Fwww.proattic.com&cachebuster=1720195610&website_link_type=website&src_bizid=1X6jOvAytuPa3dYQmb8Psg&s=717c39fa94cfd6a90363e5a07cbbd1cd195acea18e4c998d24ecce0007fc8fcf
PRO ATTIC,(832) 669-9777,"No reviews, lead gen, social media",https://www.yelp.com/biz_redir?url=https%3A%2F%2Fwww.darylsacandheatingdickinson.com&cachebuster=1720195656&website_link_type=website&src_bizid=ojWSi0lOKJZvb51fakgNGw&s=d319c2a423d2a928af683ac200c80329a76ebe685a9032cbcadf35d5614a6e0c
DARYL'S AC & HEATING,(832) 277-8944,"No reviews, lead gen, social media",https://www.yelp.com/biz_redir?url=http%3A%2F%2Fwww.amscoldpro.com&cachebuster=1720195751&website_link_type=website&src_bizid=nqMSXUE3mXk0LpKcqua6yg&s=8be7b41807815e36233c9f311569701def3359e411164c6cfe1e2547b984b0e8
AMS COLDPRO,(832) 312-4886,"lead gen, social media marketing",https://www.yelp.com/biz_redir?url=https%3A%2F%2Freyelectric.org&cachebuster=1720195805&website_link_type=website&src_bizid=t2d-NaEBAETiDHVISYbwGg&s=6a19d24900da210ea97a5e79090fdceddda45ee12d2064245db0a56a24958b2d
REY ELECTRIC AND HVAC SYSTEM,(832) 906-8400,"No reviews, lead gen, social media",NO WEBSITE
HARISON AIR AND HEAT,(832) 564-9368,"No reviews, lead gen, social media, website",https://www.yelp.com/biz_redir?url=http%3A%2F%2Fwww.hvacexpertsolutions.com&cachebuster=1720195932&website_link_type=website&src_bizid=hOArOaytIjtwAVsrhjFGXQ&s=43952a959c6bbc0613f3f244d51e0fca41e87eeaf3034380fba95ef89f7e8526
EXPERT SOLUTIONS AC AND HEATING,(346) 222-0106,"No reviews, lead gen, social media",NO WEBSITE
BLUE BIRD HEATING AND AIR CONDITIONING,(409) 599-1064,"No reviews, lead gen, social media, website",https://www.yelp.com/biz_redir?url=https%3A%2F%2Fweeksservicecompany.com&cachebuster=1720196068&website_link_type=website&src_bizid=MIMDlaBy3IBsmZkXb-rC2w&s=ab99f03762eac84a06fa457ede1edae03904373e245bb6a6729f6855cc4b657a
WEEKS SERVICE COMPANY,(281) 332-9555,"No reviews, lead gen, social media",https://www.yelp.com/biz_redir?url=https%3A%2F%2Fwww.aaaapplianceservicetx.com&cachebuster=1720196113&website_link_type=website&src_bizid=qkquAgID4_RsweMfbethJw&s=b8b0870734411f2aab0b09f484c588cc111394abe4632b806992ee659f71869f
AAA APLIANCE SERVICE AC AND HEATING,(346) 474-4206,"No reviews, lead gen, social media",https://www.yelp.com/biz_redir?url=https%3A%2F%2Fwww.glacialairsystems.com&cachebuster=1720196180&website_link_type=website&src_bizid=VoD0KwbqJOAz5mgGRCHTkg&s=7e47ae3b1c3a5e6b911de82f6fb12c42bb3a944c57205aeeaef8dfd6f98ccecb
GLACIAL AIR SYSTEMS,(832) 231-2859,"No reviews, lead gen, social media",https://www.yelp.com/biz_redir?url=https%3A%2F%2Fyouracguy.net&cachebuster=1720196220&website_link_type=website&src_bizid=2M0eaUe97ZThfZIxQDNglg&s=9d03b5cd768ea1a4b0aa2f3e96b2de50661a71d647fc5cf7f00883e52c90a6f0
YOUR AC GUY,(832) 992-9926,"No reviews, lead gen, social media",https://www.yelp.com/biz_redir?url=http%3A%2F%2Fwww.ibercomfortair.com&cachebuster=1720196260&website_link_type=website&src_bizid=f5w4CkJ-0HUYRFXxpxwMYQ&s=9a4416a8385ea192999f66e7007fc65525663efaddd380702a31634ec7a598dd
IBERCOMFORT HVAC SERVICES,(832) 871-2001,"No reviews, lead gen, social media",https://www.yelp.com/biz_redir?url=http%3A%2F%2Fwww.air-conditioners-and-heaters.com&cachebuster=1720196312&website_link_type=website&src_bizid=ankSi8q0qogjIasyMPi-Ag&s=48aec01c4a64a4fc75d6a02fa732db4578731497d7f07d67814db6079b036cb7
RA-JAC CONDITIONING AND HEATING,(409) 945-4171,"No reviews, lead gen, social media",NO WEBSITE
D6 AIR CONDITIONING AND HEATING,(409) 771-7538,"No reviews, lead gen, social media, website",https://www.yelp.com/biz_redir?url=http%3A%2F%2Fwww.awesomeairgalveston.com&cachebuster=1720196447&website_link_type=website&src_bizid=9zv2OHics5SPdWhPUEGmWw&s=986bd3ab6565ee54c16f3533fc14eb7f128e2476eecce0c61cbe818a9735bc4d
AWE-SOME AIR,(409) 209-3773,"No reviews, lead gen, social media",https://www.yelp.com/biz_redir?url=https%3A%2F%2Fmykingoservice.com&cachebuster=1720196494&website_link_type=website&src_bizid=A5zHb-OvwG_aIQXPs0nL1A&s=227d781d5a901c6779f4f910479c8ecc265a2e77167ed618d8b2dcd6383a2c59
KINGO SERVICES HEATING  AND COOLING,(832) 517-1464,"No reviews, lead gen, social media",NO WEBSITE
KEELING HOME IMPROVEMENTS,(832) 891-3996,"No reviews, lead gen, social media, website",https://www.yelp.com/biz_redir?url=http%3A%2F%2Fwww.jimsairandheat.com&cachebuster=1720196608&website_link_type=website&src_bizid=fbwbZeouBzkv0ZxTRYiAUw&s=6c9318e09492e2a81d4d4f6bd6a4bc79d532975b6e157aea869ffd1a423b3c70
JIM'S CONDITIONING AND HEATING,(409) 443-6273,"No reviews, lead gen, social media",https://www.yelp.com/biz_redir?url=https%3A%2F%2Fmackeymechanical.com&cachebuster=1720196670&website_link_type=website&src_bizid=Ntbbadvj9So_oE1EGqpb6w&s=5b6342f00ac07db9a21f1acc88140a6f0e3d96c408c4e5e196835bb0f8dbef29
MACKEY SERVICES,(281) 337-6797,"No reviews, lead gen, social media",NO WEBSITE
GAMBLIN'S AIR CONDITIONING,(409) 938-4021,"No reviews, lead gen, social media, website",https://www.yelp.com/biz_redir?url=http%3A%2F%2Fwww.wraysac.com&cachebuster=1720196774&website_link_type=website&src_bizid=xouSD64M9C88XNC0izCcYw&s=91593b0f13088b117d8f61de80b3a70e95f92258dc80b58aafeee35f02129534
WRAY'S AIR CONDITIONING,(281) 332-2417,"No reviews, lead gen, social media",https://www.yelp.com/biz_redir?url=https%3A%2F%2Fwww.abacusplumbing.net&cachebuster=1720196830&website_link_type=website&src_bizid=0H7K8SLeNOqyLxigQdBD4w&s=94a240e6d8e52c75ec3b3ee8b123061499fa480f1ce06da8c145e01765c3b407
ABACUS PLUMBING AC AND ELECTRICAL,(713) 843-7603,"No reviews, lead gen, social media",https://www.yelp.com/biz_redir?url=http%3A%2F%2Faaaprecision.net&cachebuster=1720196901&website_link_type=website&src_bizid=UvQExdFC719JyHFpHwSMuQ&s=eb7afd0c53963fea4d3dd27901e29157e93913a6d810c628c710595c11a6d069
AAA PRECISION AC AND HEATING,(281) 535-2665,"No reviews, lead gen, social media",https://www.yelp.com/biz_redir?url=http%3A%2F%2Fg-coastalair.com&cachebuster=1720196992&website_link_type=website&src_bizid=pI_IA4__BhkKR-_DgqCEHA&s=5f533f2ada34ea7ba9561ecf1b22c8ce4d84139ac41380f369a1376d228a731f
G COASTAL AIR,(281) 797-5719,"No reviews, lead gen, social media",NO WEBSITE
VICTOR TREVINO AC AND HEATING,(832) 519-6038,"No reviews, lead gen, social media, website",https://www.yelp.com/biz_redir?url=http%3A%2F%2Fwww.victorycomfortsolutions.com&cachebuster=1720197167&website_link_type=website&src_bizid=Ngzi7iG5q4x3WYBOjRF5Bw&s=33a92d77a3733df045f5c44cc4f73d38a010fc0c0459613618eaf14fac012bde
VICTORY COMFORT SOLUTIONS,(281) 380-9624,"No reviews, lead gen, social media",https://www.yelp.com/biz_redir?url=https%3A%2F%2Fwww.onthewaypros.com&cachebuster=1720197392&website_link_type=website&src_bizid=tS_wIdEAYPbRaCYpDlWV2A&s=d1968ea4ea1936826f4fd943ab840e0422b62c1e3cbef3f3fc0d04a435791ef1
ON THE WAY AC PLUMBING AND ELECTRICAL,(409) 310-2564,"No reviews, lead gen, social media",https://www.yelp.com/biz_redir?url=https%3A%2F%2Fglobalactx.com&cachebuster=1720197449&website_link_type=website&src_bizid=MAtPB1Uj8S7Je205YfonFA&s=153060d2278d2d199e5a3140ae75f43ef9f36e0729872e356b3217023f5cd64f
GLOBAL AIR SERVICES,(832) 831-6928,"No reviews, lead gen, social media",https://www.yelp.com/biz_redir?url=https%3A%2F%2Flogicairtx.com&cachebuster=1720197522&website_link_type=website&src_bizid=Z-WC21dOXnmG1h3tFh5-Gw&s=1f512d4c2c3e3795397e1f7f5afd3234b415b397032ecc274e6dd731f3ecf47a
LOGIC AIR,(346) 606-3161,"No reviews, lead gen, social media",https://www.yelp.com/biz_redir?url=https%3A%2F%2Fsafeairtexas.com&cachebuster=1720197557&website_link_type=website&src_bizid=YNcbIKXAs9DKMcKLvpUnUw&s=4a593088bd1aea7fc7334b45634e0cce87ddca0d3b8e6caad226f94c2154e951
SAFE AIR,(346) 654-0119,"No reviews, lead gen, social media",NO WEBSITE
ANOTHER SAINTS CONSTRUCTION,(832) 207-5940,"No reviews, lead gen, social media, website",NO WEBSITE
HIGHPOINT AC HEATING ,(832) 773-3014,"No reviews, lead gen, social media, website",https://www.yelp.com/biz_redir?url=http%3A%2F%2Fwww.airvantageco.com&cachebuster=1720197700&website_link_type=website&src_bizid=RnHsAH12xcKSDXbw8K1Kuw&s=d7aa0242c2172e2e8aa2427c01be6fd5b7d4fbd265b402727fb675462f147a82
AIRVANTAGE COOLING AND HEATING,(409) 925-6171,"No reviews, lead gen, social media",NO WEBSITE
MOORE-CLIMATIC,(409) 744-2255    ,"No reviews, lead gen, social media, website",https://www.yelp.com/biz_redir?url=http%3A%2F%2Fsnowairtx.com&cachebuster=1720197809&website_link_type=website&src_bizid=qI9jn0BxmXQTtetFhr0fjA&s=f5176a356575837052c0580006a9af12b5a80373d4e53d6419092cbd1a9f05b0
SNOOW AIR,(832) 885-3570,"No reviews, lead gen, social media",NO WEBSITE
J TULLOS SERVICES,(832) 279-7839,"No reviews, lead gen, social media, website",https://www.yelp.com/biz_redir?url=https%3A%2F%2Fhomecomfortmates.com&cachebuster=1720197999&website_link_type=website&src_bizid=aogflOex854Lf6zbq0rXcQ&s=aaca262cd1e2821c815d8af617f961502b0a92d3eed25db80cfac443730e1c09
COMFORT MATES COOLING AND HEATING,(281) 607-2508,"No reviews, lead gen, social media",https://www.yelp.com/biz_redir?url=http%3A%2F%2Fwww.coolaidservices.com&cachebuster=1720198071&website_link_type=website&src_bizid=xvf6l-QvGZvFrKBVWqJM7w&s=35944c806a8e0fb12c168da315df1b9663754497161543759e4fda31989e9082
COOL AID SERVICES,(281) 332-6874,"No reviews, lead gen, social media",NO WEBSITE
BP AC AND HEATING,(832) 207-3205,"No reviews, lead gen, social media, website",NO WEBSITE
SAVOI AC,(281) 705-7363,"No reviews, lead gen, social media, website",NO WEBSITE
MALONE AIR SERVICES,(832) 265-3904,"No reviews, lead gen, social media, website",https://www.yelp.com/biz_redir?url=https%3A%2F%2Fcowboycoolingllc.com&cachebuster=1720198364&website_link_type=website&src_bizid=w7SECICgSG78rkLYumpaYg&s=417ce32f57f9cfbcd1ad9d82efb5e993424e75294f2a1a5e7e3d3a5b4470a28b
COWBOY COOLING,(281) 678-8488,"No reviews, lead gen, social media",https://www.yelp.com/biz_redir?url=https%3A%2F%2Fvillageplumbing.com&cachebuster=1720198430&website_link_type=website&src_bizid=sAns6XymWnpGh3MU-OJBJA&s=d7be1a67e1771058645de41d42228580df0ca298d8240e47bca14a76928d5dbf
VILLAIGE PLUMBING AND AIR ,(281) 407-1174,"No reviews, lead gen, social media",NO WEBSITE
MILLER AND SONS AIR AND HEAT ,(713) 385-8332,"No reviews, lead gen, social media, website",AC repair and service
,ARIZONA,,https://www.yelp.com/biz_redir?url=https%3A%2F%2Fthisguyheatingncooling.com&cachebuster=1720198957&website_link_type=website&src_bizid=DA1Kj3slgWOX9WtRWZ4ueg&s=05fce7ecd2b831e8f0a36719d9d032098bcccf69279def1bc7fd69165f44a5eb
THIS GUY HEATING N COOLING ,(480) 688-8518,"No reviews, lead gen, social media",https://www.yelp.com/biz_redir?url=http%3A%2F%2Ftnkelectric.com&cachebuster=1720199017&website_link_type=website&src_bizid=RWWLcqSGBTvVkxj3G_6zEA&s=0d95dd844721a97d8e0a226915c399fb440b644c0446fa3d443e5afe3519c13c
T&K ELECTRIC,(602) 844-9765,"lead gen, social media marketing",https://www.yelp.com/biz_redir?url=https%3A%2F%2Fwww.markofxheatandair.com&cachebuster=1720199088&website_link_type=website&src_bizid=SoP0SZC4X1wu6EW91_g3Pg&s=bc51440f8c2a95d0a1728abb3b7fb688a661cbe11cf268ff2ba62422050e841c
MARK OF EXCELLENCE HEATING AND AC,(623) 278-3664,"No reviews, lead gen, social media",https://www.yelp.com/biz_redir?url=https%3A%2F%2Fjlmairaz.com&cachebuster=1720199263&website_link_type=website&src_bizid=9yI1wj_-hT-D_vnrZbpbnw&s=197fe402547808fc096444bf5460d0947eaee53dc83f9db6e0051746f33be18c
JLM AIR CONDITIONING AND HEATING,(602) 619-3609,"No reviews, lead gen, social media",NO WEBSITE
KRAUSE'S COOLING AND HEATING ,(520) 494-0380,"No reviews, lead gen, social media, website",https://www.yelp.com/biz_redir?url=https%3A%2F%2Ffusioncools.com&cachebuster=1720199440&website_link_type=website&src_bizid=8jqX6_QaExzqVZTEM-arTw&s=fb42f093a16dabf4af7c1de3e47e379c455467620156f3751901686eccad566d
FUSION PLUMBING AND AIR ,(520) 783-2096,"No reviews, lead gen, social media",https://www.yelp.com/biz_redir?url=http%3A%2F%2Fwww.bestchoicearizona.com&cachebuster=1720199514&website_link_type=website&src_bizid=7apjKlTzxQMrjU6CZv8PmA&s=8d43f673aba6bef20eb4d60ebf2b9433e1c5eef0864cd7153ecbb6c07d5fb4b9
BEST CHOICE HEATING AND COOLING AND SOLAR,(480) 914-2378,"No reviews, lead gen, social media",https://www.yelp.com/biz_redir?url=http%3A%2F%2Fwww.remodelingrm.com&cachebuster=1720199582&website_link_type=website&src_bizid=5DPHsSyAmAdmW2vu1yVmjA&s=872c584637fefad50b4d73ebc64d109a904b73e5360c84a797067fc61d05b8e0
R&M REMODELING,(928) 257-6886,"No reviews, lead gen, social media",https://www.yelp.com/biz_redir?url=http%3A%2F%2Fwww.everestair.com&cachebuster=1720199633&website_link_type=website&src_bizid=aQl3DDLf6s02UjMhslGxEA&s=e76e46c80d2ab2f2cc36de799acea485157d13472e6a224dd6572573afe842c3
EVEREST DUCT AND HVAC CLEANING,(520) 807-1121,"No reviews, lead gen, social media",https://www.yelp.com/biz_redir?url=http%3A%2F%2Fwww.azacdoc.com&cachebuster=1720199764&website_link_type=website&src_bizid=-kAO9drJHfg1nkI_9dqTZw&s=20043ab5e0b07e113a5c4f71e01fd397fbe7b18fda29fef44f6814073c551bf9
SCOTT'S AC AND HEATING,(520) 723-5109,"No reviews, lead gen, social media",NO WEBSITE
WARRIOR HEATING AND COOLING ,(520) 222-3339,"No reviews, lead gen, social media, website",https://www.yelp.com/biz_redir?url=https%3A%2F%2Fwww.airbenderheatingandcooling.tech&cachebuster=1720199884&website_link_type=website&src_bizid=ce7SIlakLwQWCbH3M9Y6KQ&s=4bcc4d0531efb762b6c23ca088245ab47c2fc7e068cf0407b5149f45ddf6da9e
AIRBENDER HEATING AND COOLING,(480) 745-0423,"No reviews, lead gen, social media",https://www.yelp.com/biz_redir?url=https%3A%2F%2Frooterhero.com&cachebuster=1720199956&website_link_type=website&src_bizid=yHK-DaxFty1MWVuR6FprvA&s=2fa7d78ee1604c0b363abb4fc65fe60019464069143a44f597584ca65d6e49a7
ROOTER HERO PLUMBING,(480) 462-4122,"No reviews, lead gen, social media",https://www.yelp.com/biz_redir?url=https%3A%2F%2Fozheatingandcooling.voolt.com&cachebuster=1720199996&website_link_type=website&src_bizid=j1KEcltZLCfNql3uC04iQg&s=202e66371175c79dbc5c2322bc1cc257d2a972cba7b0dc44805d63c5203a86fd
OZ HEATING AND COOLING,(480) 343-7228,"No reviews, lead gen, social media",https://www.yelp.com/biz_redir?url=http%3A%2F%2Fwww.UncleCarlsAcCompany.com&cachebuster=1720200044&website_link_type=website&src_bizid=o2mBJxjqtYtM18kpTHJ1ew&s=bb8eacbae60599a79166c80f98a18436a608668e71ba75548658d49b3290fee9
UNCLE CARLS AC,(602) 809-9770,"No reviews, lead gen, social media",https://www.yelp.com/biz_redir?url=https%3A%2F%2Fwww.parkerandsons.com%2Ftucson&cachebuster=1720200097&website_link_type=website&src_bizid=XztbTWQthGJEmJ3olYessA&s=d5f11c6f2181bc8a514ccab46085f64fcbf2c9146036d5d50d15266fb54c85bb
PARKER AND SONS,(520) 402-4409,"No reviews, lead gen, social media",https://www.yelp.com/biz_redir?url=http%3A%2F%2Fwww.mikesacrepairs.com&cachebuster=1720200143&website_link_type=website&src_bizid=WAJXT6sbouTWxLcKYR5L7g&s=44205e714f84b1a9949fa91eeb554c870cd4a1a0b6fd2511d4636b8ebefde469
MIKES AC AND HEATING,(520) 705-0219,"No reviews, lead gen, social media",NO WEBSITE
HOLMES IN HOMES,(219) 902-5985,"No reviews, lead gen, social media, website",NO WEBSITE
FRANK HEATING AND COOLING,(520) 302-6448,"No reviews, lead gen, social media, website",https://www.yelp.com/biz_redir?url=https%3A%2F%2Fneighborhoodplumbing.showitpreview.com&cachebuster=1720200320&website_link_type=website&src_bizid=mrrI7xwlw4v2Qsbc7fauDQ&s=22b77f11947c82ffa0801e2e803f319cabdee89e5ed44b017c72139a8a641c17
THE NEIGHBORHOOD PLUMBERING AND AIR,(480) 233-3765,"lead gen, social media marketing",https://www.yelp.com/biz_redir?url=http%3A%2F%2Fwww.azcoolco.com&cachebuster=1720200373&website_link_type=website&src_bizid=px7LGWqrsvQdWba46VOUhQ&s=ddea15cbaaec33213cedb699e451f440d673392d52cf3a3881f83888d02b1d00
ARIZONA COOLING AND HEATING,(888) 292-6652,"No reviews, lead gen, social media",NO WEBSITE
THE OFFICIAL SERVICES,(480) 293-4701,"No reviews, lead gen, social media, website",NO WEBSITE
R&I ACS,(520) 635-4537,"No reviews, lead gen, social media, website",NO WEBSITE
WESTERN HOME SERVICES,(480) 849-2958,"No reviews, lead gen, social media, website",https://www.yelp.com/biz_redir?url=http%3A%2F%2FAiraidcool.com&cachebuster=1720200593&website_link_type=website&src_bizid=5YOO2ZtISKgGclu2p8sstQ&s=de68cd2d320f76b40aa2f29a8671673cbd6ed32d9d331d21b5148f16225abc69
AIR AID HEATING AND COOLING,(520) 450-2721,"No reviews, lead gen, social media",NO WEBSITE
ATLAS GENERAL CONTRACTORS,(602) 621-3514,"No reviews, lead gen, social media, website",https://www.yelp.com/biz_redir?url=http%3A%2F%2Facwmechanicalexpert.com&cachebuster=1720200704&website_link_type=website&src_bizid=drM6WvUODN8_XlNVlQXwWw&s=b0742e43d42b3b13c15f81b840da9216e41c430478c1dbc6219a4f8f525b406f
ACW MECHANICAL,(949) 235-3877,"No reviews, lead gen, social media",NO WEBSITE
AMERICAN CITY AC AND REFRIGERTION,(520) 858-4179,"No reviews, lead gen, social media, website",https://www.yelp.com/biz_redir?url=https%3A%2F%2Fazhomeservices.group&cachebuster=1720200829&website_link_type=website&src_bizid=4IuVuCodlmF7CQwT5fQmHg&s=93b75ddbf5216ceae31217e783a476d8200313b960afbb57ba567b002b283519
AZ HOME SERVICES GROUP,(602) 806-7212,"No reviews, lead gen, social media",https://www.yelp.com/biz_redir?url=http%3A%2F%2FCactusclimatepros.com&cachebuster=1720200928&website_link_type=website&src_bizid=gwxhNoOPbeLau2Jq_jJxZg&s=86b34debd2cef1661651c440edb90f32f7c3ad5ef3bbfb50777219e7bc133b17
CACTUS CLIMATE PROS,(480) 674-5440,"No reviews, lead gen, social media",https://www.yelp.com/biz_redir?url=http%3A%2F%2Fanelloac.com&cachebuster=1720200991&website_link_type=website&src_bizid=fTmXctUs6uHmnMsDbSzq6w&s=4900dfe4c9c4dbdb1fe9fc4f106dc845f1f20e4514734e71bd1eb694a30a3eee
ANELLO AC,(623) 303-2066,"No reviews, lead gen, social media",https://www.yelp.com/biz_redir?url=http%3A%2F%2Fwww.desertsunhvac.com&cachebuster=1720201069&website_link_type=website&src_bizid=SXcqp4tX1l69qm1UtIj3lw&s=ca9d35ba6826e2e2176947d69f5cb8c28531d20701fc86ddf7faa02537e83493
DESERT SUN HEATING COOLING AND REFREGERATION,(520) 466-1489,"No reviews, lead gen, social media",NO WEBSITE
SUPREME COMFORT ,(623) 400-6615,"No reviews, lead gen, social media, website",NO WEBSITE
SANCHEZ HVAC,(559) 410-4894,"No reviews, lead gen, social media, website",https://www.yelp.com/biz_redir?url=https%3A%2F%2Fwww.acehomeaz.com&cachebuster=1720201227&website_link_type=website&src_bizid=3OPItIE_tgKbqQvuT4pRNg&s=bb67d31827d580ec9f9f429ec10487c3d4f86e11536a80e5c949de42b578f05a
ACE HOME SERVICES,(602) 428-9720,"No reviews, lead gen, social media",https://www.yelp.com/biz_redir?url=https%3A%2F%2Ftricorairconditioning.com&cachebuster=1720201337&website_link_type=website&src_bizid=_kxq2h6RT1G_tEq3qVCQEg&s=556e370ab188db1fa8e5820722eb2abc88f3a7093e73d46914a63d158758b394
TRI-COR AC AND HEATING,(520) 532-1131,"No reviews, lead gen, social media",NO WEBSITE
IDEAL PLUMBERING AND AIR,(602) 339-0573,"No reviews, lead gen, social media, website",https://www.yelp.com/biz_redir?url=https%3A%2F%2Fheatingandac.net&cachebuster=1720201469&website_link_type=website&src_bizid=YtwEDEyzII_YI8azgnTkug&s=a95a86783657ec78e269f9cc6469df81734bd731d25696c9dbe481a30b50d3f7
HOFFMAN HEATING AND COOLING,(520) 233-7982,"No reviews, lead gen, social media",https://www.yelp.com/biz_redir?url=http%3A%2F%2Fwww.wildwestairandheating.com&cachebuster=1720201539&website_link_type=website&src_bizid=zn9M7ZqY2Eu9AVhEarKzlg&s=1d1c0f9df2bbbfccae21851380ee52273f2fab76f2a4e793732f67ea10c83da3
WILD WEST AIR AND HEATING,(602) 684-6434,"No reviews, lead gen, social media",https://www.yelp.com/biz_redir?url=https%3A%2F%2Fmorganmechanicalllc.com&cachebuster=1720201592&website_link_type=website&src_bizid=Freu5RZheDd3nmrQ1AOeDA&s=3d1876f1d931158f3f64cc17d762a93217e0c621b73171884cd98467c1a33a2a
MORGAN MECHANICAL,(480) 226-0200,"No reviews, lead gen, social media",https://www.yelp.com/biz_redir?url=http%3A%2F%2FVonashtonrepair.com&cachebuster=1720201661&website_link_type=website&src_bizid=onSIF17raYlgH0hUEGSp3Q&s=dfcd20ff40c682b167aa592c3a1b1523fdf955ffd30a76f0d9f7bd0171438e6e
VON ASHTON REPAIR COMPANY,(602) 456-1043,"No reviews, lead gen, social media",NO WEBSITE
KN-RE HOME SERVICES,(623) 284-8696,"No reviews, lead gen, social media, website",NO WEBSITE
HERO AC AND HEAT,(520) 518-0754,"No reviews, lead gen, social media, website",NO WEBSITE
JA HVAC,(623) 216-1303,"No reviews, lead gen, social media, website",NO WEBSITE
MARYVALE AIR CONDITIONING,(602) 461-7217,"No reviews, lead gen, social media, website",https://www.yelp.com/biz_redir?url=http%3A%2F%2Fwww.az-insulation.com&cachebuster=1720201903&website_link_type=website&src_bizid=1NcuAhU5N96oY6F-iIioSw&s=a389205d8e8b77eac515cfefca894406388e1a8a5db50f8d4a86f966a0426fc5
AZ INSULATION AND ENERGY SOLUTIONS,(480) 662-2874,"No reviews, lead gen, social media",https://www.yelp.com/biz_redir?url=https%3A%2F%2Fwww.pattersonconstructionco.com&cachebuster=1720201968&website_link_type=website&src_bizid=ufn02ubOLMFNhJMKkE-fJg&s=da74b974efa370e2a8a864665fd967907295baaa7ed9fddc592e5466d84902c4
PATTERSON CONSTRUCTION,(602) 825-3638,"No reviews, lead gen, social media",https://www.yelp.com/biz_redir?url=http%3A%2F%2Foliveairandheating.com&cachebuster=1720202017&website_link_type=website&src_bizid=gtfDyD-wzCM1mKLLxoV4oA&s=fa7f1d38b79296d9f444aa505979198163f8bcdd992aea4149b896cb5eb7dc4d
OLIVE AIR AND HEATING,(480) 243-3728,"No reviews, lead gen, social media",https://www.yelp.com/biz_redir?url=https%3A%2F%2Fwww.experiencecoolingheating.com&cachebuster=1720202085&website_link_type=website&src_bizid=YhYXrgWHHNZxeTvJvmUitw&s=6d4d36359450b561abe62dc7acbd8beaa062ab65c8bde935e189028fc366f69e
EXPERIENCE COOLING AND HEATING,(602) 708-8799,"No reviews, lead gen, social media",NO WEBSITE
INTEGRITY HVAC LLC,(520) 252-7107,"No reviews, lead gen, social media",https://www.yelp.com/biz_redir?url=http%3A%2F%2Fwww.allianceplumbingaz.com&cachebuster=1720202222&website_link_type=website&src_bizid=rs_xZiX3GZm9Lp9MgMJvhA&s=52468c560d6bf6bfc2a29b7e9907b8cd5174f7cf72914105e5c1829fdea4e79b
ALLIANCE PLUMBERING SERVICES,(480) 633-3020,"No reviews, lead gen, social media",https://www.yelp.com/biz_redir?url=http%3A%2F%2FWww.polairservices.com&cachebuster=1720202278&website_link_type=website&src_bizid=oToUxEAZE8ldGJZGrBDxTg&s=9a37ff06c842ca6df840e6c3ed9b95912e099eec29afec4958a0cd5498f7cc0c
POLAIR HVAC SERVICE,(480) 297-2800,"No reviews, lead gen, social media",NO WEBSITE
QUALITY AIR,(520) 510-2017,"No reviews, lead gen, social media, website",https://www.yelp.com/biz_redir?url=http%3A%2F%2Fwww.caniluairllc.com&cachebuster=1720202390&website_link_type=website&src_bizid=ZpyoHB3OmOnWeQVUd95Cmw&s=eb5595cc72f146bbaace8e6c103bee60d28451a28d48ff5f8f8dd37f3f098b9b
CANILU AIR,(602) 609-3480,"No reviews, lead gen, social media",https://www.yelp.com/biz_redir?url=http%3A%2F%2Fwww.affiliatedbuildingmaintenance.com&cachebuster=1720202436&website_link_type=website&src_bizid=ZgcUaGs4dGaJK002ze8NKA&s=c65d8b445440c3204dd58223901e461eb34baa93ceb1aa71b47931811f042d37
AFFILIATED BUILDING MAINTAINACE,(480) 813-6021,"No reviews, lead gen, social media",https://www.yelp.com/biz_redir?url=http%3A%2F%2Fwww.suaveair.com&cachebuster=1720202491&website_link_type=website&src_bizid=GWeWFfLBAXy0UIkLlh332Q&s=0edd2ceb688f0cc511249909c6ea7638c03e8efa0aa7a58dda59eda0c01cdad4
SUAVE AIR,(480) 900-7678,"No reviews, lead gen, social media",https://www.yelp.com/biz_redir?url=http%3A%2F%2Flacombecompanyhvac.com&cachebuster=1720202530&website_link_type=website&src_bizid=uTjkpRRUUO3atj42eLsP-w&s=c2bff01257ea015c3f4c75e47e669ccd6a5edbb62907063b4be75e48f5744f61
LACOMBE COMPNAY HVAC,(602) 446-7565,"No reviews, lead gen, social media",NO WEBSITE
MARTEL COOLING AND HEATING,(602) 475-2324,"No reviews, lead gen, social media, website",https://www.yelp.com/biz_redir?url=http%3A%2F%2Fcamair.pro&cachebuster=1720202643&website_link_type=website&src_bizid=PlolaDe456aP_BHB7liMQg&s=bbea93a4fdb18ec798e6cc4f485876fde7befcfc3bd25a1a68ff5a3b30cc9c53
CAM AIR,(480) 378-2731,"No reviews, lead gen, social media",https://www.yelp.com/biz_redir?url=http%3A%2F%2FDialedinservices.com&cachebuster=1720202683&website_link_type=website&src_bizid=oP1QRDSU_kAz20PQddJ85w&s=fdf0543b771d8c3718724b113a442e1919576dfaf2b0066dbc2917dfbb0e3eda
DIALED IN SERVICES,(480) 567-1900,"No reviews, lead gen, social media",https://www.yelp.com/biz_redir?url=https%3A%2F%2Fhandyandysheatingcooling.com&cachebuster=1720202737&website_link_type=website&src_bizid=jkqQfJ8jYYXbifpSg5jHBQ&s=5775de55e7c7db98d15e2956ab56e8f1e71a2181cd1379af2e3596a371b7f137
HANDY ANDY'S HEATING AND COOLING,(623) 606-1145,"No reviews, lead gen, social media",NO WEBSITE
KAOLO AIR COMDITIONING ,(480) 658-9348,"No reviews, lead gen, social media, website",https://www.yelp.com/biz_redir?url=http%3A%2F%2Fwww.highdesertenergy.com&cachebuster=1720202832&website_link_type=website&src_bizid=RBL4WB9CptwCyYpxsFh3pQ&s=42df3029c77e48df3d90000cff783753240119a09fe60efb3d216f0e47c3e2fd
HIGH DESERT ENERGY,(888) 302-2794,"No reviews, lead gen, social media",https://www.yelp.com/biz_redir?url=http%3A%2F%2Fwww.eandjchvac.com&cachebuster=1720202885&website_link_type=website&src_bizid=G4vXXSfAh9gN80SAjMEqQg&s=11550c288b1a5d76da5d5a0860e08f9cc925cd3f222060bb04d21220475e68ea
E & JC HEATING AND COOLING,(520) 868-9005,"No reviews, lead gen, social media",https://www.yelp.com/biz_redir?url=http%3A%2F%2Fclearairaz.com&cachebuster=1720202945&website_link_type=website&src_bizid=kQyJsd1bFpzxKWWzPQzylA&s=a569bf2ef4799a7a860eb1352a3454790d0e9f96235a3031bbfcddc1954c52f7
CLEAR AC AND HEATING,(623) 516-8373,"No reviews, lead gen, social media",https://www.yelp.com/biz_redir?url=https%3A%2F%2Fwww.azvalleyservices.com&cachebuster=1720202990&website_link_type=website&src_bizid=R4BKGvobVsj-_d2T3Nr6mg&s=0a776e07f0366b3acb1842a85be5cca87db3f271b885adf7ac6a84bd1faebd6d
VALLEY HEATING COOLING AND APPLIANCES,(480) 649-0000,"No reviews, lead gen, social media",NO WEBSITE
PRESTIGE AIR HEATING AND COOLING,(520) 709-3345,"No reviews, lead gen, social media, website",https://www.yelp.com/biz_redir?url=https%3A%2F%2Fwww.ellsworthhomeservices.com&cachebuster=1720203118&website_link_type=website&src_bizid=ySEfEUv2gyaTyegndaX5_g&s=30b85fae1297912f8b323fc0cd4278425f0b37e5b8d5e9a69de555c3be3be836
ELLSWORTH HOME SERVICES,(480) 593-2265,"No reviews, lead gen, social media",NO WEBSITE
ESCO HEATING AND COOLING ,(480) 273-4139,"No reviews, lead gen, social media, website",https://www.yelp.com/biz_redir?url=http%3A%2F%2Ftrinityacaz.com&cachebuster=1720203268&website_link_type=website&src_bizid=oe9Hpl20WdfonWdgNiR3Dg&s=12c846247789223c259aadd17d2218dc5338cfb7fdcdc89cc471f370119a6a9c
TRINITY AC AND PLUMBING,(480) 331-2237,"No reviews, lead gen, social media",https://www.yelp.com/biz_redir?url=http%3A%2F%2Fwww.asapairconditioningandheating.com&cachebuster=1720203328&website_link_type=website&src_bizid=muH2Nv5f7j8TRoBlqqJxYA&s=0e8703dad89e7ab4402cdb40fd27ff5d668eb171bbc1327ebfd218900a2e0936
ASAP AIR CONDITIONING AND HEATING,(480) 654-2727,"No reviews, lead gen, social media",NO WEBSITE
AIR REHAB,(602) 358-6228,"No reviews, lead gen, social media, website",NO WEBSITE
AMERICOOL SERVICES,(661) 609-6429,"No reviews, lead gen, social media, website",NO WEBSITE
ALPHA'S HEATING AND COOLING,(480) 709-5684,"No reviews, lead gen, social media, website",https://www.yelp.com/biz_redir?url=http%3A%2F%2Fgatewayhvacr.com&cachebuster=1720203635&website_link_type=website&src_bizid=vVyTDU_JmPgaRU5CgzMmDg&s=40d3daf55d68c4fb7527300deff5810dbf14420ccb6193781d5934f1417b9e11
GATEWAY MECHANICAL HVAX,(480) 886-4118,"No reviews, lead gen, social media",https://www.yelp.com/biz_redir?url=https%3A%2F%2Fwww.arizonanativehvac.com&cachebuster=1720203698&website_link_type=website&src_bizid=okQD8BrFIdA7Wu_mGbXU9A&s=739e5d76ecab8a25d0337d20262a7a5991b0e386f7874615b5d771bbcee72c9f
ARIZONA NATIVE HEATING AND COOLING,(480) 670-9507,"No reviews, lead gen, social media",https://www.yelp.com/biz_redir?url=http%3A%2F%2Fwww.orcaac.com&cachebuster=1720203796&website_link_type=website&src_bizid=Hhq7GJoQJ26vxUiEbV03bg&s=caa34c6dd91e680a625d9062f3d46b9a198084fc97d95bd08e4257b154c61705
ORCA AC,(619) 869-1460,"No reviews, lead gen, social media",NO WEBSITE
SUPERIOR HVAC AND MECHANICAL,(602) 380-5483,"No reviews, lead gen, social media, website",https://www.yelp.com/biz_redir?url=http%3A%2F%2Frefrigerateaz.com&cachebuster=1720203927&website_link_type=website&src_bizid=S7j2jB81qgk6bKawHNZBfA&s=d7b9be1d51c20b9f2464c935779c523fbb859aff3bc087be0a3e572636e686d1
REFRIGERATE AZ,(480) 238-6303,"No reviews, lead gen, social media",https://www.yelp.com/biz_redir?url=http%3A%2F%2Fctsairconditioning.com&cachebuster=1720203994&website_link_type=website&src_bizid=x7M16AodvkDPnhpzEHfQzg&s=aa9390eb62f6c379872fd0086544fe2c5ce182bc423badc16902a17b98767edc
CTS AIR CONDITIONING AND HEATING,(480) 696-5033,"No reviews, lead gen, social media",FENCE INSTALLATION
,FLORIDA,,NO WEBSITE
THE GATE SPECAILIST,(786) 728-1226,"No reviews, lead gen, social media, website",NO WEBSITE
MONTANO FENCE,(786) 752-0558,"No reviews, lead gen, social media, website",NO WEBSITE
JG FENCES AND REMODELATION,(786) 783-5416,"No reviews, lead gen, social media, website",https://www.yelp.com/biz_redir?url=http%3A%2F%2Fadonayinc.com%2Fa1fence&cachebuster=1720204737&website_link_type=website&src_bizid=8LtDTcy3mf5PkLWjrU6Kyw&s=59ba6d8a46022bb6e0eb6ed5609143f105187b36d46332182049a3083e9889b4
A1 FENCE AND GATE,(305) 345-1919,"No reviews, lead gen, social media",https://www.yelp.com/biz_redir?url=http%3A%2F%2Fwww.fencesflorida.com&cachebuster=1720204786&website_link_type=website&src_bizid=SXlw-67tiWBr1D6iGaaZyw&s=fa27adeba60669be93cc7c55e1422392a40a187b331aae353a81bab846d244eb
FENCE SOLUTIONS,(786) 243-1820,"No reviews, lead gen, social media",NO WEBSITE
NATIONAL FENCES OF MIAMI,(786) 267-3538,"No reviews, lead gen, social media, website",https://www.yelp.com/biz_redir?url=http%3A%2F%2Ftrianafencesupply.com&cachebuster=1720204960&website_link_type=website&src_bizid=eHfHh41Flulmb9J_zFAQ0w&s=0b06ef8aa03114b6875072658a1d1a4c2fced57133bb84092b528c12c945529d
TRIANA FENCE SUPPLY,(305) 248-5804,"No reviews, lead gen, social media",https://www.yelp.com/biz_redir?url=http%3A%2F%2Fwww.alldayfence.com&cachebuster=1720205038&website_link_type=website&src_bizid=wy9aZe41PANWwmR8rLTKvg&s=e4b70cbc31a7606a8e97bd4228a851390ec0e9be8e0b1b5fc1e740fdce1eeb35
ALLDAY FENCE COMPANY,(305) 910-6601,"No reviews, lead gen, social media",https://www.yelp.com/biz_redir?url=http%3A%2F%2Fwww.fisgroupwelding.com&cachebuster=1720205087&website_link_type=website&src_bizid=paQRDIuduRAvYWJRCC58Lw&s=f4b8a009e8675cd1e0c2c6d69a23b8585e145e7e3c9eb71eb9d180fdbbbdf9fd
FIS GROUP,(305) 786-4349,"No reviews, lead gen, social media",https://www.yelp.com/biz_redir?url=http%3A%2F%2Fwww.osunafences.com&cachebuster=1720205133&website_link_type=website&src_bizid=rY8FQ4g1Aimefl8UEQFd1A&s=b4f66d049dd66a23f6428f5293787489075320389d34bb1b95d0547b2985551c
OSUNA ORNAMENTAL FENCE AND GATES,(786) 208-4975,"No reviews, lead gen, social media",https://www.yelp.com/biz_redir?url=http%3A%2F%2Fwww.advancedfenceconstruction.com%2F&cachebuster=1720205213&website_link_type=website&src_bizid=R19ifsa2huiWHOvcNSl0gQ&s=5c6788a0f92100376aa4b1383d881709e010ca8b1855eef75d8500ea75743eb6
ADVANCE FENCE CONSTRUCTION LLC,(786) 521-7674,"No reviews, lead gen, social media",https://www.yelp.com/biz_redir?url=https%3A%2F%2Fepicfenceinstallation.vistaprintdigital.com&cachebuster=1720205268&website_link_type=website&src_bizid=LUPxGU-XeQq-2FN9ITLt6g&s=12d3c8cfec121eaa7b71272f0c38a7fe24b7b2e85e219378ecc708bc8f1b6901
EPIC FENCE INSTALLATION AND REMODELING,(786) 439-6841,"No reviews, lead gen, social media",https://www.yelp.com/biz_redir?url=https%3A%2F%2Fggfencefl.com&cachebuster=1720205325&website_link_type=website&src_bizid=Tlw7lazIKm3zj-Hs6s4-ug&s=67dd1ffb2042ddff27d0dd68985637a58d9b65d0369e125f56c0de421f22fc05
G & G FENCE,(305) 248-4881,"No reviews, lead gen, social media",https://www.yelp.com/biz_redir?url=http%3A%2F%2Fwoodfencinghollywood.com&cachebuster=1720205361&website_link_type=website&src_bizid=8E5r5ARssmrdO9z1az3rJg&s=42d3dd98169508f72a368540753bc4c0cde6477561bba4e9bcc359bc2d523876
HOLLYWOOD FENCING,(954) 562-7558,"No reviews, lead gen, social media",https://www.yelp.com/biz_redir?url=http%3A%2F%2Fwww.elitemwf.com&cachebuster=1720205398&website_link_type=website&src_bizid=Y0_7UB5mAE1Itufi5LB-LQ&s=56b1c5663c9da44848db002567e0ecab62bb6613b1b480b4ef4defd2e2a03179
ELITE METAL WORKS AND  FENCE ,(305) 209-2959,"No reviews, lead gen, social media",https://www.yelp.com/biz_redir?url=https%3A%2F%2Fgatemotorsunlimited.com&cachebuster=1720205442&website_link_type=website&src_bizid=IzrpdHne7f8bCpGNReMpvQ&s=55c202755690c1a7dc15d08d5903295ed0947e52bb4d0effc9fa85bb887eb270
GATE MOTORS UNLIMITED,(786) 731-1668,"No reviews, lead gen, social media",NO WEBSITE
MR MIRANDA FENCES,(786) 447-6444,"No reviews, lead gen, social media, website",NO WEBSITE
FENCE ASSURED,(786) 224-5141,"No reviews, lead gen, social media, website",https://www.yelp.com/biz_redir?url=https%3A%2F%2Fwww.oceandriveways.com&cachebuster=1720205584&website_link_type=website&src_bizid=-fPNwiASY5w1qmprdtU5aQ&s=018992a4894ace3d6c70128b7688b961b3c3a00e9e635002a8235940c2e67403
OCEAN DRIVEWAYS BY MEQA,(786) 224-5141,"No reviews, lead gen, social media",NO WEBSITE
BEST PRICE FENCE AND GATES ,(954) 761-6673,"No reviews, lead gen, social media, website",NO WEBSITE
SAN JUAN FENCES,(786) 426-9174,"No reviews, lead gen, social media, website",NO WEBSITE
A1 FENCE AND GATE MIAMI,(305) 345-1919,"No reviews, lead gen, social media, website",https://www.yelp.com/biz_redir?url=https%3A%2F%2Folivera-fence.square.site&cachebuster=1720205811&website_link_type=website&src_bizid=6yIp7G21KwMy56HdEan_vg&s=816a08775a6003e4eb512f47de8a4914c5cb47a77429c45c1926a9ede0ccbec5
OLIVERA FENCE,(786) 306-5154,"No reviews, lead gen, social media",NO WEBSITE
FENCES ELLE,(954) 552-4581,"No reviews, lead gen, social media, website",https://www.yelp.com/biz_redir?url=https%3A%2F%2Fmalibufence.com&cachebuster=1720206301&website_link_type=website&src_bizid=U_H8_z6EDbhDP8E6ZGsmFg&s=f214e57c38ba494596521c7acef93976cccc4dc60b58c1134920adcbcc12f33c
MALIBU FENCE,(786) 321-3593,"No reviews, lead gen, social media",https://www.yelp.com/biz_redir?url=https%3A%2F%2Ftunaornamental.com&cachebuster=1720206359&website_link_type=website&src_bizid=RjMFyOdHOEpWwbIg5HygSw&s=040310fd8978cb73019775434508e02ca2d8fd7aaa5755c0f29e0fe63ad53b9e
TUNA ORNAMENTAL,(954) 709-7663,"No reviews, lead gen, social media",https://www.yelp.com/biz_redir?url=http%3A%2F%2FFencewithstyle.com&cachebuster=1720206447&website_link_type=website&src_bizid=wo88wKw_GVT5mLIuSe3NJA&s=5f86710756d44c20ffda3070719ccccc5a4c0b3992bb805cbf8a54a6f142d9c0
FENCE WITH STYLE,(786) 622-2656,"No reviews, lead gen, social media",https://www.yelp.com/biz_redir?url=https%3A%2F%2Fwww.productive-weldingworkshop.com&cachebuster=1720206490&website_link_type=website&src_bizid=l84pboSPuXGxns_9Ceth3Q&s=0932cdddfed7d50c02f67cae8f246d671dc3d1a12000cfcbf00878dd3e75ff86
PRODUCTIVE WELDING WORKSHOP,(954) 761-6673,"No reviews, lead gen, social media",NO WEBSITE
B & B CONCRETE GROUP,(786) 285-7963,"No reviews, lead gen, social media, website",NO WEBSITE
A1 RAILINGS AND STAIRS,(305) 345-1919,"No reviews, lead gen, social media, website",https://www.yelp.com/biz_redir?url=https%3A%2F%2Fgates.usagaragedoorinc.com&cachebuster=1720206665&website_link_type=website&src_bizid=NEUpI-YQiYjmEw-mnuPuBQ&s=42ce69db285dc530501334f26c79a9364cf53ba4c02bbdc9bd1ae17e5432b1af
USA GATE REPAIR AND INSTALLATION,(561) 781-0930,"No reviews, lead gen, social media",NO WEBSITE
TORMO FENCES,(786) 452-2213,"No reviews, lead gen, social media, website",NO WEBSITE
SANPEDRO FENCING,(954) 816-9305,"No reviews, lead gen, social media, website",NO WEBSITE
GATE SOLUTIONS,(305) 934-1790,"No reviews, lead gen, social media, website",https://www.yelp.com/biz_redir?url=http%3A%2F%2Ffamilyfencingfl.com&cachebuster=1720206833&website_link_type=website&src_bizid=Vy2mM--abZZUXFZyEuax0Q&s=c2601a62481e60364761747f785d8da07e90b599a566157b3563993728b01ced
FAMILY FENCING,(954) 702-0568,"No reviews, lead gen, social media",https://www.yelp.com/biz_redir?url=http%3A%2F%2Fwww.mydolcegreen.com&cachebuster=1720206902&website_link_type=website&src_bizid=OerOUwk-hB1h15k164lTxw&s=064cc2043275974d4d68be3c6002254839be59cab95eb9c41ed28caf676be8b6
DOLCE GREEN PREMIUM PRIVACY GRASS FENCE,(833) 693-6523,"No reviews, lead gen, social media",https://www.yelp.com/biz_redir?url=https%3A%2F%2Fdd-fence-instalador.negocio.site&cachebuster=1720206965&website_link_type=website&src_bizid=tF1V74dwPxf028Tl_Gf-8g&s=76732c1dd4b4f3747089cee8a3f58cb8fa2344d0defb718b8731a618e886de46
DD FENCE,(786) 907-0493,"No reviews, lead gen, social media",https://www.yelp.com/biz_redir?url=https%3A%2F%2Fwww.elitemiamifence.com&cachebuster=1720207008&website_link_type=website&src_bizid=fKXbcJKo7m7Ry1ulP0GAEA&s=37726798a3fe27d0225b6e744062288b95eba379368d63c4b62495be8206e93e
ELITE MIAMI FENCING,(954) 330-3450,"No reviews, lead gen, social media",NO WEBSITE
NED REMODELING,(954) 226-1425,"No reviews, lead gen, social media, website",https://www.yelp.com/biz_redir?url=http%3A%2F%2FGarciaWeldingServices.com&cachebuster=1720207115&website_link_type=website&src_bizid=n5cy6epPEW0xeg6UuS2tAg&s=469e5322e5543c718dfc8ed04678ef29ec3350f8feaea22bad86d1236470a8d3
GARCIA WELDING SERVICES,(305) 987-6740,"No reviews, lead gen, social media",NO WEBSITE
FRAGA FENCE,(786) 412-1878,"No reviews, lead gen, social media, website",NO WEBSITE
TEX SERVICES,(786) 705-1479,"No reviews, lead gen, social media, website",NO WEBSITE
DANNY'S WELDING SERVICES,(786) 436-8087,"No reviews, lead gen, social media, website",https://www.yelp.com/biz_redir?url=http%3A%2F%2Fwww.havanafence.com&cachebuster=1720207315&website_link_type=website&src_bizid=0YSTfFvVdmmLH-ts9St_7A&s=aca5682f6df9f1de2d7e9b0650025bab13be561bdf4c14ea5d06f30dde2b985f
HAVANA FENCE,(786) 534-2585,"No reviews, lead gen, social media",https://www.yelp.com/biz_redir?url=https%3A%2F%2Fgenesisdoorsandwindows.com&cachebuster=1720207372&website_link_type=website&src_bizid=iFq6j-Wb6nJKfblQqKzmbw&s=f5f1ee4e034418c03666fd1b3fab69c3bced377c247891756d2a3f96771c5c44
GENESIS DOORS AND WINDOWS,(954) 494-2711,"No reviews, lead gen, social media",NO WEBSITE
GC CUSTOM WORK AND FENCING,(786) 271-1513,"No reviews, lead gen, social media, website",https://www.yelp.com/biz_redir?url=http%3A%2F%2Fuzbefence.com&cachebuster=1720207481&website_link_type=website&src_bizid=zkoNZLmp4CPX6Z-NPq5EeQ&s=4e5e9fb9ae487a0db5fcc177330a43c2f50d96333e6a85164676ed9b68480691
UZBE FENCE NAD INSTALLATION ,(305) 707-7796,"No reviews, lead gen, social media",NO WEBSITE
SUNSHINE GATORS,(786) 490-5183,"No reviews, lead gen, social media, website",https://www.yelp.com/biz_redir?url=http%3A%2F%2Fwww.wisiandgrego.com&cachebuster=1720207666&website_link_type=website&src_bizid=sAAyD5mX3Mok7e0d-NJ8Yw&s=39b4f1cd980d4b0efadcb171be7c15b2611a6173dd29c1e3e13460f12f50a5f2
WISI AND GREGO,(786) 202-4822,"No reviews, lead gen, social media",https://www.yelp.com/biz_redir?url=https%3A%2F%2Fwww.noahsfencesbocaraton.com&cachebuster=1720207841&website_link_type=website&src_bizid=CVuFHF2sJolOA9q-rbQOFA&s=85d8083b81e130cbcefd6def14ce5813720685a0c14edc0adde62207284bebb6
NOAH'S FENCES,(561) 931-4434,"No reviews, lead gen, social media",NO WEBSITE
FLORIDA DURA FENCE,(305) 456-1550,"No reviews, lead gen, social media, website",https://www.yelp.com/biz_redir?url=http%3A%2F%2Fwww.heviaaluminum.com&cachebuster=1720207931&website_link_type=website&src_bizid=xCSRYcXbyjKJoo1zz5rfEg&s=5f0ba762ac140cdada1b2bdefcf63ab6c0073d363e9b464a60afff1a997f6850
HEVIA ALUMINUM AND IRON WORKS,(305) 638-8635,"No reviews, lead gen, social media",https://www.yelp.com/biz_redir?url=https%3A%2F%2Fwww.miamienclosures.com&cachebuster=1720207987&website_link_type=website&src_bizid=5_tOfW0t4a1oiOBPX8Qbfw&s=35abcfbf501aa8121211329305f512f4baae4dbeb1498aadf46342fbaaac1f3a
LPG SCREENS ENCLOSURE,(786) 325-6909,"No reviews, lead gen, social media",https://www.yelp.com/biz_redir?url=http%3A%2F%2Falpharailings.com&cachebuster=1720208058&website_link_type=website&src_bizid=7D2YaAeEdB3umSyn7vd9Xg&s=9c5353200e132cb5d0c0978e117c380a7887d8226050acd5e21b0297ce6ef34e
ALPHA RAILINGS,(754) 318-2099,"No reviews, lead gen, social media",FENCE INSTALLATION
,TEXAS,,https://www.yelp.com/biz_redir?url=http%3A%2F%2Fwww.manddfencing.com&cachebuster=1720208156&website_link_type=website&src_bizid=oIpZQ-gdZN9MnzOFJFmURw&s=1e963cd75c9f5bac09c002967b6d5d9b0cca0bb60deb65f84aa5c39917917384
M & D FENCING ,(346) 221-0922,"No reviews, lead gen, social media",https://www.yelp.com/biz_redir?url=http%3A%2F%2Fwww.texasfencebuilders.net&cachebuster=1720208273&website_link_type=website&src_bizid=C3kW1kPlq5DgUGV6yWd12g&s=98764e69e9e770da57c1bdcb0d64161232acef316e56744e336740d5be8614e2
TEXAS FENCE BUILDERS,(713) 874-8144,"No reviews, lead gen, social media",https://www.yelp.com/biz_redir?url=http%3A%2F%2Fwww.heightshandyman.com&cachebuster=1720208323&website_link_type=website&src_bizid=IzDGR5iURyICYCZNukpX4A&s=7bfef101f9848a23f18c2da50234a99d6bc56675f5b793d0020d3f142cc2c605
HEIGHTS HANDYMAN,(281) 971-9660,"No reviews, lead gen, social media",NO WEBSITE
JT FENCING AND PRESSURE WASHING,(832) 419-8041,"No reviews, lead gen, social media, website",https://www.yelp.com/biz_redir?url=https%3A%2F%2Ffenceinstallationpro.com&cachebuster=1720208517&website_link_type=website&src_bizid=rhwdcN62hsPkAZN8_AGK8g&s=e1339012237660cf2c4583e8c47ae1d4ac8a0e9686541882954126e64c033dc5
FENCE INSTALLATION PRO,(281) 720-7505,"No reviews, lead gen, social media",https://www.yelp.com/biz_redir?url=https%3A%2F%2Famrgaragedoors.com&cachebuster=1720208568&website_link_type=website&src_bizid=bj_vQ33tULs0Vmjd5QSpFQ&s=6dedf974f852c14c5799b8237725a274040e84031341fb3a57654faf0004b68f
AMR GARAGE DOORS AND GATES,(713) 340-4756,"No reviews, lead gen, social media",https://www.yelp.com/biz_redir?url=https%3A%2F%2Fwww.fencesbygrant.com&cachebuster=1720208615&website_link_type=website&src_bizid=E9zu1wOY1hUqUoxBCLRnfw&s=b6f7a1040addcd3c61fa416002671feebb892f025475a3b3989f12ed85378ce4
FENCES BY GRANT,(832) 730-1610,"No reviews, lead gen, social media",https://www.yelp.com/biz_redir?url=http%3A%2F%2Fwww.FenceRestore.com&cachebuster=1720208657&website_link_type=website&src_bizid=9XfmioBwL5tfNnxkv0K37A&s=7831fa1f995d1edabebc1c6b56af20603221ff95ef11c6e7dda3795db59d73e8
DANIEL AND SON FENCE RESTORATION,(281) 508-1408,"No reviews, lead gen, social media",NO WEBSITE
JD FENCE,(713) 822-9396,"No reviews, lead gen, social media, website",AC repair and service
,MISSISSIPPI,,NO WEBSITE
JANSSEN HEATING COOLING PLUMBING AND INSULATION,(618) 541-2415,"No reviews, lead gen, social media, website",https://www.yelp.com/biz_redir?url=https%3A%2F%2Feurekaheatingandcooling.com&cachebuster=1720551195&website_link_type=website&src_bizid=YxlXuLjFJa51JIGERRM_2A&s=b07456aaa27ef02efed586e944ac641c2f6b3be1babdaf17d37ab8338a27e171
EUREKA HEATING AND COOLING ,(636) 429-4093,"No reviews, lead gen, social media",NO WEBSITE
ROB'S HEATING AND COOLING,(314) 238-6329,"No reviews, lead gen, social media, website",https://www.yelp.com/biz_redir?url=http%3A%2F%2Fwww.trusttiger.com%2F&cachebuster=1720551308&website_link_type=website&src_bizid=HVv8gVoRViBytNC7uYG7eQ&s=a02ad3fdba9ea1e75a160adc289e4eebe8990a6557ce85c1a855bf91536f5fa6
"Tiger Plumbing, Heating, Air Conditioning, & Electrical Services",(618) 738-0902,"No reviews, lead gen, social media",DEAD WEBSITE / weiglerhvac.com
RICK WEIGER ELECTRICAL HEATING AND AIR CONDITIONING,(618) 498-5079,"No reviews, lead gen, social media, website",NO WEBSITE
CRONIN REFRIGRATION HEATING AND COOLING,(618) 786-3279,"No reviews, lead gen, social media, website",NO WEBSITE
AIRMERICA HEATING COOLING ,(636) 212-2884,"No reviews, lead gen, social media, website",https://www.yelp.com/biz_redir?url=https%3A%2F%2Fwww.swissairstl.com&cachebuster=1720551799&website_link_type=website&src_bizid=wbk2Uve-MVSsFnyngCWrNQ&s=7e262ca3acf51bf92d926643d23193e0a47d8cf4b0980bb6a93c2e3ae16eee80
SWISS AIR HEATING AND COOLING ,(636) 978-7800,"No reviews, lead gen, social media",https://www.yelp.com/biz_redir?url=http%3A%2F%2Fillinoiscoolingexperts.com&cachebuster=1720551871&website_link_type=website&src_bizid=_TMycMhT1jlP6CF_LifqeA&s=782988ac05bded2b99809ec711bcf6c6bb2593d44a7eef85f0a04e7cad98f53c
ILLINOIS COOLING EXPERTS,(618) 417-7276,"No reviews, lead gen, social media",NO WEBSITE
LIBERTY HEATING AND COOLING,(314) 600-2202,"No reviews, lead gen, social media, website",NO WEBSITE
LCM HEATING AND COOLING,(314) 503-1409,"No reviews, lead gen, social media, website",https://worksfacilitated.com/
WORKS FACILITATED MAINTENANCE,(636) 265-1413,"No reviews, lead gen, social media",NO WEBSITE
TONY'S FANETASTIC HANDYMAN AND HVAC SERVICE,(314) 285-0137,"No reviews, lead gen, social media, website",https://dreamteamremodel.com/
DREAM TEAM REMODEL,(636) 368-2194,"No reviews, lead gen, social media",NO WEBSITE
Puskar Plumbing Heating & Air Conditioning,(618) 729-4451,"No reviews, lead gen, social media, website",NO WEBSITE
GONZALEZ HVAC SERVICES,(636) 352-7333,"No reviews, lead gen, social media, website",NO WEBSITE
MAIA AIR SOLUTIONS,(217) 250-8597,"No reviews, lead gen, social media, website",https://www.bwheatcool.com/
B & W HEATING AND COOLING,(618) 936-0361,"No reviews, lead gen, social media",https://densoninc.com/
DEN SON HEATING AND COOLING,(618) 207-3847,"No reviews, lead gen, social media",leeheatingcooling.com / NO REACHING
LEE HEATING AND COOLING,(618) 960-9078,"No reviews, lead gen, social media, website",https://www.yelp.com/biz_redir?url=http%3A%2F%2Fwww.genscoinc.com&cachebuster=1720552807&website_link_type=website&src_bizid=PKVTcxLlNB70CT4ghHdEZA&s=cd2d3bc3051eb6663e5868db825aa2ba3602a6bb0c3af131ed329202251e096c
GEN'S APPLIANCE AIR CONDITIONING AND HEATING,(618) 474-8953,"No reviews, lead gen, social media",trusthonor.com / NO REACHING
HONOR,(618) 623-4041,"No reviews, lead gen, social media, website",NO WEBSITE
J & J MECHANICAL,(618) 208-7407,"No reviews, lead gen, social media, website",womackheatingandcooling.com / NO REACHING
WOMACK HEATING AND COOLING,(618) 786-3386,"No reviews, lead gen, social media, website",NO WEBSITE
FIRE AND ICE,(618) 463-1634,"No reviews, lead gen, social media, website",NO WEBSITE
STAMPER HEATING AND CCOOLING ,(618) 556-0719,"No reviews, lead gen, social media, website",NO WEBSITE
VANAUSSDOLL HEATING AND COOLING,(618) 498-4349,"No reviews, lead gen, social media, website",FENCE INSTALLATION
,ALASKA,,https://whirlwindfence.com/contact-us/
WHIRLWIND POST HOLES AND FENCES,(920) 954-9650,"No reviews, lead gen, social media",yandssolutions.com / UNDER CONSTRUCTION
Y&S SOLUTIONS,(920) 860-7565,"No reviews, lead gen, social media, website",https://customfenceus.com/
CUSTON FENCE,(920) 863-1146,"No reviews, lead gen, social media",https://rocksolidexteriorsllc.com/
ROCK SOLID EXTERIORS,(920) 420-8680,"No reviews, lead gen, social media",prof1handyman.com / NO REACHING
BAY SHORE DEVELOPMENT,(920) 645-8168,"No reviews, lead gen, social media, website",NO WEBSITE
FENCE CENTRAL,(715) 573-1099,"No reviews, lead gen, social media, website",NO WEBSITE
RG ROOFING,(920) 461-6846,"No reviews, lead gen, social media, website",https://gofrontlinefence.com/
FRONTLINE FENCE,(920) 412-8226,"No reviews, lead gen, social media",https://www.simplesolutionfencing.com/
SIMPLE SOLUTION FENCING,(920) 420-2433,"No reviews, lead gen, social media",http://dansdoorservice.com/ / ERROR
DANZ DOOR SERVICE,(920) 904-5645,"No reviews, lead gen, social media, website",http://greenbayfencingcontractor.com/ / ERROR
D & L FENCE,(920) 858-2284,"No reviews, lead gen, social media, website",https://www.thecompletecarpenter.com/
THE COMPLETE CARPENTER,(920) 401-1611,"No reviews, lead gen, social media",NO WEBSITE
ELITE LAWN CARE AND LANDSCAPE,(920) 639-9482,"No reviews, lead gen, social media, website",fencelinkinc.com / NO PAGE AVAILABLE
FENCE LINK,(920) 826-2955,"No reviews, lead gen, social media, website",NO WEBSITE
HARBORTOWN CONSTRUCTION,(920) 905-3243,"No reviews, lead gen, social media, website",https://www.foxvalleygaragedoorcompany.com/
FOX VALLEY OVERHEAD DOOR COMPANY,(920) 757-5275,"No reviews, lead gen, social media",NO WEBSITE
BK CONSTRUCTION,(616) 635-7426,"No reviews, lead gen, social media, website",https://www.allweathersealinc.com/
ALL-WEATHER SEAL OF WEST MICHIGAN,(877) 732-5711,"No reviews, lead gen, social media",NO WEBSITE
DREAMSCAPE DEVELOPER'S,(269) 213-4137,"No reviews, lead gen, social media, website",https://veenkamproofingandsiding.com/
VEENKAMP ROOFIND AND SIDING ,(616) 465-6153,"No reviews, lead gen, social media",https://www.bathtune-up.com/grand-rapids-mi/?utm_campaign=naf-listing-paid-yelp-cpc&utm_medium=listing-paid&utm_source=yelp
BATH TUNE-UP OF GRAND RAPIDS,(616) 317-3718,"No reviews, lead gen, social media",https://www.metrofencemi.com/
METROFENCE,(616) 226-3702,"No reviews, lead gen, social media",https://www.aaafencellc.com/
AAA FENCE,(616) 245-3362,"No reviews, lead gen, social media",https://straightlinefences.com/
STRAIGHT LINE FENCE,(616) 443-2550,"No reviews, lead gen, social media",https://www.renegadefences.com/
RENEGRADE FENCE AND FARM,(616) 263-0828,"No reviews, lead gen, social media",https://profencegrandrapids.com/
PRO FENCE / GRAND RAPIDS FENCE COMPANY,(616) 260-1160,"No reviews, lead gen, social media",https://fenceconsultants.com/
FENCE CONSULTANTS OF WEST MICHIGAM,(616) 454-1911,"No reviews, lead gen, social media",https://wendtsfence.godaddysites.com/
WENDT'S FENCE,(269) 998-1532,"No reviews, lead gen, social media",https://ajconstructionllc8.wixsite.com/ajconstructionllc
A J CONSTRUCTION,(269) 330-3370,"No reviews, lead gen, social media",https://double-d-fencing.com/
DOUBLE D FENCING,(269) 275-7525,"No reviews, lead gen, social media",https://www.k9keeper.com/
DOGWATCH BY K9 KEEPER,(616) 260-6987,"No reviews, lead gen, social media",NO WEBSITE
COOP'S FENCES,(616) 516-7223,"No reviews, lead gen, social media, website",https://psfencing.com/ NOT LOADING
P S FENCING,(269) 795-2656,"No reviews, lead gen, social media, website",NO WEBSITE
FENCE BROZ,(231) 794-9635,"No reviews, lead gen, social media, website",NO WEBSITE
ADNVACED DECKS SHEDS FENCES,(269) 615-3598,"No reviews, lead gen, social media, website",http://decksbyvets.net/ / ERROR
DECKS BY VETS AND MORE,(616) 900-5466,"No reviews, lead gen, social media, website",https://primefencegr.com/ ERROR
PRIME FENCE,(616) 805-5575,"No reviews, lead gen, social media, website",NO WEBSITE
UPLIFTING PROJECTS AND REPAIR ,(616) 337-4613,"No reviews, lead gen, social media, website",NO WEBSITE
DECK DOCTOR,(616) 836-2850,"No reviews, lead gen, social media, website",https://outbackmi.com/
OUT BACK CASUAL LIVING AND FENCE,(616) 785-8000,"No reviews, lead gen, social media",http://www.mtsideinc.com/ / NOT LOADING
MOUNTAIN SIDE,(616) 631-3037,"No reviews, lead gen, social media, website",NO WEBSITE
GRF FENCE INSTALLATION GRAND RAPIDS,(616) 287-4853,"No reviews, lead gen, social media, website",https://grandrapidsfencecompany.com/contact/
GRAND RAPIDS FENCE COMPANY,(616) 369-8504,"No reviews, lead gen, social media",NO WEBSITE
KENT CITY FENCE,(616) 678-2909,"No reviews, lead gen, social media, website",NO WEBSITE
LARSON SERVICES,(231) 719-7273,"No reviews, lead gen, social media, website",NO WEBSITE
BODEN BUILDERS,(231) 679-4760,"No reviews, lead gen, social media, website",https://vant-hof.com/
VAN'T INSTALLATION ALASKA ,(616) 454-8323,"No reviews, lead gen, social media",NO WEBSITE
BLACK ELK CONSTRUCTION,(814) 502-2447,"No reviews, lead gen, social media, website",AUTOSHOP 
NAME ,Miami ,PROBLEMS ,crtowing33.com
"CR Towing and Recovery
",(305) 297-9770,"Less reviews,lead generation,Social media,Website  ",NO WEBSITE
K-MOBILE,(305) 518-8162,"Less reviews,lead generation,Social media,Website  ",NO WEBSITE
"Ds Mobile Detail And Services
",(305) 518-8162,"Less reviews,lead generation,Social media,Website  ",NO WEBSITE 
"Car Wash Pachi
",(786) 763-8205,"Less reviews,lead generation,Social media,Website  ",NO WEBSITE 
"Detail Express
",(786) 353-2311,"Less reviews,lead generation,Social media,Website  ",premiershinedetailing305.as.me
"Premier Shine Detailing
",(786) 939-5436,"Less reviews,lead generation,Social media,Website  ",No website 
"JR Detailing
",(786) 234-7048,"Less reviews,lead generation,Social media,Website  ",NO WEBSITE 
"Divino Auto Detailing
",(754) 946-0175,"Less reviews,lead generation,Social media,Website  ",glossgenesisdetailing.com
GlossGenesis Detailing,(786) 563-2692,"Less reviews,lead generation,Social media,Website  ",NO WEBSITE 
RNB Pressure Cleaning Services,(305) 399-1389,"Less reviews,lead generation,Social media,Website  ",jpautomiami.com
JP's Mobile Car Wash,(305) 332-0194,"Less reviews,lead generation,Social media,Website  ","sofreshmobiledetailing.com
"
"So Fresh Mobile Detailing","(954) 288-7662


","Less reviews,lead generation,Social media,Website  ",www.donchidosdetailing.com
Don Chidos Detailing & Tune-Up,(470) 996-2909,"Less reviews,lead generation,Social media,Website  ",soflosuds.com
Soflo Suds,(305) 912-9212,"lead reviews,lead generation,social media, website ",westkendallcollision.com
"West Kendall Collision",(786) 536-9671,"lead reviews,lead generation,social media, website ",soflosuds.com
"Priceless Touches
",(305) 912-9212,"lead reviews,lead generation,social media, website ",vybzdetailing.com
Vybz Detailing,(754) 253-9802,"lead reviews,lead generation,social media, website ",No website
"Tropical Luxe Car Detailing
",(954) 952-1812,"lead reviews,lead generation,social media, website ",No website 
JM Vip Detailing,"(786) 491-5154

","lead reviews,lead generation,social media, website ",no website 
Keep It Clean Car Wash Detail,"(305) 565-3794


","lead reviews,lead generation,social media, website ",no website
"A-CARR's Auto Body
","(773) 478-4844

","lead reviews,lead generation,social media, website ","meineke.com

"
"Meineke Car Care Center
",(708) 786-1802,"lead reviews,lead generation,social media, website ","belletire.com
"
"Belle Tire - Melrose Park",(708) 838-2290,"lead reviews,lead generation,social media, website ","justtires.com
"
Just Tires,(224) 452-5056,"lead reviews,lead generation,social media, website ",atozautorepair.com
"A To Z Auto Repair
","(630) 279-4114

","lead reviews,lead generation,social media, website ",bucarobrothersautocare.com
Bucaro Brothers,"(773) 472-6150

","lead reviews,lead generation,social media, website ",marcoautorepair.com
Marco Auto Repair,"(847) 288-9200

","lead reviews,lead generation,social media, website ",No website 
"Duke of Oil","(708) 345-6828

","lead reviews,lead generation,social media, website ",chicagoland-nwindiana.jiffylub
Jiffy Lube,(630) 833-5823,"lead reviews,lead generation,social media, website ",swautorepair.mechanicnet.com
"Southwest Auto Repair & Mufflers",(708) 492-0051,"lead reviews,lead generation,social media, website ","atozautorepair.com
"
A To Z Auto Repair,(630) 279-4114,"lead reviews,lead generation,social media, website ","hagensautomotive.com

"
Hagen's Automotive,(847) 455-0122,"lead reviews,lead generation,social media, website ",no website 
Northlake Auto Repair,(708) 338-3920,"lead reviews,lead generation,social media, website ","https://www.jiffylube.com/locations/il/franklin-park/212
"
"Jiffy Lube
",(847) 678-1160,"lead reviews,lead generation,social media, website ",factorymuffler.com
Factory Muffler & Complete Auto Repair,"(773) 262-6699

","lead reviews,lead generation,social media, website ",carstar.com
A-CARR's Auto Body,"(773) 478-4844

","lead reviews,lead generation,social media, website ",autohauschicago.com
AutoHaus,(773) 368-8270,"lead reviews,lead generation,social media, website ",Autoshop 
NAME ,"
Numbers ",Reasons ,No Website 
J's Auto Detailing,"(661) 493-1929


",,No Website 
"Jesus's Car Wash
",(661) 504-1575,,No website 
"Loyola Solutions
","(818) 912-5352
",,No website 
Dream Vehicle Auto Spa,"(661) 523-8031

",,No website 
Window Tints Everything,(661) 554-9464,,No website 
Hex Creations,"(661) 379-4131
",,"corinecleanservices.com
"
"Corine Clean Services
","(661) 687-4014
",,No Website 
"dBs Mobile Services
","(661) 301-5808
",,No Website 
"Nextgen Autostyling","(661) 377-6083
",,no website 
"Wagner's Wonder Wash",(661) 292-3017,,No website 
"J's Auto Detailing","(661) 493-1929

",,https://alvarez-auto-detailing.square.site/
Alvarez Auto Detailing,"(661) 748-6898 call later

",,No Website 
"Cal City Auto Spa
","(760) 428-2113

",,"bpdetailing.com
"
"Bakersfield Premier Detailing
","(661) 421-1718

",,No website 
"SoCal Shine Metal Polishing
","(760) 579-3285

",,"flawlesscarpetandautocare.com
"
Flawless Carpet And Auto Care,"(661) 346-1881
",,No website 
Cali Shine Mobile Detailing,"(510) 939-4014

",,"jsmobilewash.com
"
"J's Mobile Wash And Detail
","(661) 619-5264
",,WEBSITE 
NAME ,NUMBER ,,"littlekingscustompainting.com
"
"Little Kings Custom Painting","(530) 721-0031
",,"colourscapepainting.com
"
"Colourscape Painting","(775) 230-0312
",,"areaspaintingnapa.com
"
"Areas Painting","(707) 225-1444
",,"a1qualitypainting.com
"
"A1 Quality Painting","(279) 260-9136
",,"homesandvines.com
"
D'Agostini & Associates Real Estate,(530) 317-2001,,NO website 
"Bowzer Broz Painting",(848) 360-5099,,No website
"Viking fences","(209) 588-3957
",,"tahoehandyrandy.com

"
"Tahoe Handy Randy","(775) 399-2039
",,No website 
"Five Star Handyman Services","(480) 602-8613
",,No website 
Tilley Plumbing & Heating,(775) 586-8517,,"thetahoetradesman.com
"
"The Tahoe Tradesman","(530) 240-4140
",," daytonhomecleaning.com

"
"Dayton Valley Housekeeping","(775) 338-0722

",,"tahoehoffman.com
"
"Hoffman Handyman Hauling","(775) 843-7142
",,"allseasonsplumbingtahoe.com
"
"All Seasons Plumbing & Heating
","(530) 577-9039
",,No website 
"Evan Macintire Handyman Service","(530) 721-3355


",,No website 
"B&M Handyman Services","(775) 450-3697

",,"https://www.tahoe-vacation-home-services.com/
"
"Tahoe Vacation Home Services","(844) 528-8847
",,WEBSITE 
NAME ,NUMBER ,,"momentum-electric.com
"
Momentum Electrical Contractors,"(415) 527-3620
",,fuseservicesf.com
Fuse HVAC & Electrical,(510) 982-2201,,gonzalezelectricinc.com
"Gonzalez Electric","(650) 906-1790
",,greenelectricus.com
"Greenelectric US",(415) 410-4644,,NO WEBSITE 
Lektricman,(415) 244-1256,,"yuryslightsandbeyond.com
"
"Yury's Lights & Beyond",(415) 345-8660,,NO WEBSITE 
"Amp Electric
",(510) 253-3049,,NO WEBSITE 
"Angel Electric",(650) 245-7584,,"eastbaypowersystems.com
"
"East Bay Power Systems","(925) 570-2044
",,NO WEBSITE 
Pagco Construction,(415) 740-4012,,"www.ugbayelectric.com
"
"UG Bay Electric","(415) 724-9319
",,"sfeelectric.com
"
"SFE Electric
","(925) 768-3390
",,NO WEBSITE 
"Wong's Electric
",(415) 613-9798,,"https://abbettlocalelectric.mystrikingly.com/?
"
"Abbett Local Electric Service Co","(415) 877-6212

",,"wisdomelectrical.net

"
Wisdom Electrical,"(628) 283-8070
",,"kardonelectric.com
"
"Kardon Electric
","(510) 281-9150

",,"evcharge4u.com
"
"EVCHARGE4U","(510) 779-3645

",,"anderholmelectric.com
"
"Anderholm Electric
","(707) 581-4533
",,NO WEBSITE 
"Josh Frost Better Wired Electric","(415) 517-0309
",,NO WEBSITE 
"CJ Bradley's Electric
","(209) 304-5611
",,"bayareaconstructionsf.com
"
"Bay Area Construction & Remodeling","(510) 517-5566

",,NO WEBSITE 
"JMO Construction And Electric
","(415) 316-6521

",,"valenciaelectricinc.com
"
"Valencia Electric","(650) 863-3240
",,NO website 
"Hai Lin Electric
","(415) 760-0568
",,"greenelectricus.com

"
"Greenelectric US
","(415) 410-4644

",,WEBSITE 
NAME ,NUMBER ,,https://ssl.gstatic.com/images/icons/material/system_gm/2x/done_gm_green700_24dp.png
CarHub North York Chrysler Jeep Dodge Ram Fiat,(905) 881-5002,,
Toronto Auto Mall,(647) 748-5755,,0
AUTOBYEL - CAR BROKER - All Make & Model Vehicles - In Toronto,(416) 784-3838,,
Auto Gallery,(416) 633-0000,,
Toronto Auto Group of Companies,(416) 285-6363,,
Toronto Best Auto,(416) 248-1241,,https://ssl.gstatic.com/local/servicebusiness/default_user.png
Toronto Auto Gallery,(416) 247-2323,,
Downtown AutoGroup - Autoplex,(416) 465-5471,,https://ssl.gstatic.com/local/servicebusiness/default_user.png
Toronto Auto Depot Ltd.,(416) 741-8189,,https://ssl.gstatic.com/local/servicebusiness/default_user.png
The Auto Store Inc,(416) 546-2217,,
Toronto Auto Brokers,(905) 264-9888,,
AUTO ONE Group Toronto,(416) 479-4400,,
Toronto Autohaus Ltd,(905) 597-7879,,
Autorama,#ERROR!,,
Auto Select,(416) 699-2275,,
Mid Toronto Auto Sales,(416) 840-3292,,
The Auto Hub,(416) 451-4553,,
Shine Auto Toronto,(416) 744-0604,,https://ssl.gstatic.com/local/servicebusiness/default_user.png
Auto C.A. (Toronto),(647) 398-9447,,
Auto Experts Motor Sales - Land Rover Toronto,(416) 559-4532,,https://ssl.gstatic.com/local/servicebusiness/default_user.png
LA Automotive,(416) 908-5544,,
Toronto Car Sales & Auto Service,(416) 727-1270,,
Toronto Family Auto,(416) 887-0527,,
Pro Drive Auto Sales,(647) 702-8291,,
Central Import - Automotive Repair & Tire Shop,(416) 864-9092,,
Warranty Auto Sales Ltd,(416) 751-6653,,https://ssl.gstatic.com/local/servicebusiness/default_user.png
Modern Auto Tech,(416) 406-6616,,
City South Fine Cars Inc ---,(416) 787-8500,,
Bay Auto Zone,(416) 661-0220,,
Toronto Auto Parts,(416) 741-8080,,
,,,
Alonso Alvarez,951 5506522,,